Prenda / Sku Lote,Familia,Marca,Modelo,Descripción,Imagenes,Precio Venta,Precio Promoción,Tienda,Tel. Tienda
40043824.1,PC ESCRITORIO (usado),LENOVO,IDEACENTREAIO52022AST-RAM:8GB-DD:1TB,LENOVO IDEACENTREAIO52022AST-RAM:8GB-DD:1TB COMPUTADORA DE ESCRITORIO TODO EN UNO LENOVO 8GB RAM 1TB SSD CON CABLE DE ALIMENTACION MAUSE Y TECLADO INALAMBRICO CON DETALLES POR USO.,ver [1] fotos.,"$ 3,487.00","$ 3,487.00",Atizapán Plaza Cristal,55-4160-5890
40046713.1,PC ESCRITORIO (usado),LENOVO,IDEACENTREAIO24IRH9-RAM:16GB-DD:500GB,COMPUTADORA LENOVO IDEACENTREAIO24IRH9-RAM:16GB-DD:500GB CORE I 5 13VA 16 RAM 512SSD EN CAJA SE ABRE PARACONFIGURAR,ver [1] fotos.,"$ 9,856.00","$ 9,856.00",Atizapán Plaza Cristal,55-4160-5890
41065182.1,PC ESCRITORIO (usado),HP,RTL8821CE-RAM:4GB-DD:1TB,HP RTL8821CE-RAM:4GB-DD:1TB COMPUTADORA ALL IN ONE MARCA HP PROCESADOR AMD RADEON CON 4GB DE RAM Y 1TB DE CAPACIDAD CON TECLADO Y MOUSE,ver [1] fotos.,"$ 2,000.00","$ 2,000.00",Azcapotzalco,55-4160-5775
41065262.1,PC ESCRITORIO (usado),DELL,D03S-RAM:4GB-DD:250GB,DELL D03S-RAM:4GB-DD:250GB PC DE ESCRITORIO CORE I5 3RA GEN 4GB RAM 250GB DD WIFI WINDOWS 10 CON MOUSE Y TECLADO,ver [1] fotos.,"$ 1,900.00","$ 1,900.00",Azcapotzalco,55-4160-5775
41065482.1,PC ESCRITORIO (usado),LENOVO,10160-RAM:8GB-DD:1TB,LENOVO 10160-RAM:8GB-DD:1TB PC TODO EN UNO MARCA LENOVO CON 8GB Y 1TB,ver [1] fotos.,"$ 1,500.00","$ 1,500.00",Azcapotzalco,55-4160-5775
41065639.1,PC ESCRITORIO (usado),VIEW SONIC,TD2423D-RAM:8GB-DD:250GB,VIEW SONIC TD2423D-RAM:8GB-DD:250GB CPU CORE I5 11VA GENERACION 8GB EN RAM 250GB DD WINDOWS 10 PANTALLA TOUCH SIN CUENTAS NI CONTRASEÑAS,ver [1] fotos.,"$ 6,400.00","$ 6,400.00",Azcapotzalco,55-4160-5775
41065650.1,PC ESCRITORIO (usado),HP,PAVILLIOS3241LA-RAM:2GB-DD:320GB,HP PAVILLIOS3241LA-RAM:2GB-DD:320GB PC DE ESCRITORIO HP INTEL T2050 2GB RAM 320GB DD CON MOUSE Y TECLADO,ver [1] fotos.,"$ 1,474.00","$ 1,474.00",Azcapotzalco,55-4160-5775
41065720.1,PC ESCRITORIO (usado),DELL,SM-RAM:4GB-DD:500GB,DELL SM-RAM:4GB-DD:500GB PC MARCA DELL CON 4GB DE RAM 500DD CON TECLADO Y MOUSE,ver [1] fotos.,"$ 1,300.00","$ 1,300.00",Azcapotzalco,55-4160-5775
41065745.1,PC ESCRITORIO (usado),LANIX,AIO185-RAM:4GB-DD:500GB,LANIX AIO185-RAM:4GB-DD:500GB ALL IN ONE EN COLOR NEGRO 4 RAM 500 ROM INTEL CELERON WINDOWS 10 TECLADO Y RATON DETALLES POR USO SIN CUENTAS NI PATRON,ver [1] fotos.,"$ 2,600.00","$ 2,600.00",Azcapotzalco,55-4160-5775
41066014.1,PC ESCRITORIO (usado),HP,RT5390-RAM:10GB-DD:500GB,HP RT5390-RAM:10GB-DD:500GB PC TODO EN UNO MARCA HP DE 10GB EN RAM Y 500DD CON CABLE DE CORRIENTE,ver [1] fotos.,"$ 2,000.00","$ 2,000.00",Azcapotzalco,55-4160-5775
41066259.1,PC ESCRITORIO (usado),VIEWSONIC,TD2430-RAM:8GB-DD:250GB,VIEWSONIC TD2430-RAM:8GB-DD:250GB PC TODO EN UNO MARCA VIEWSONIC CORE I5 11TH GEN CON 8GB DE RAM Y 250DD TOUCH,ver [1] fotos.,"$ 4,258.00","$ 4,258.00",Azcapotzalco,55-4160-5775
211016048.1,PC ESCRITORIO (usado),DELL,W12C-RAM:16GB-DD:1TB,"DELL W12C-RAM:16GB-DD:1TB ----ESMALTE  COLOR NEGRO/GRIS TECLADO BT MOUSE ALAMBRICO MONITOR DE 24"" 2 ENTRADAS USB 1 ENTRADA MICRO SD 1 ENTRADA ETHERNET 2 ENTRADAS HDMI PANTALLA TOUCH DESGASTES DE USO RAY MAY",ver [1] fotos.,"$ 6,300.00","$ 6,300.00",Chalco Centro,55-4160-5839
52061913.1,PC ESCRITORIO (usado),LENOVO,SM-RAM:4GB-DD:500GB,ALL IN ONE LENOVO SM-RAM:4GB-DD:500GB CABLE DE CORRIENTE MOUSE TECLADO FLOJA UNA TECLE RAY/MAL DETALLES DE USO COMUN,ver [1] fotos.,"$ 1,109.00","$ 1,109.00",Chalco Soriana Valle,55-5985-0291
56023074.1,PC ESCRITORIO (usado),HP,HP205G3AIO-RAM:4GB-DD:1TB,HP HP205G3AIO-RAM:4GB-DD:1TB / COMPUTADORA CON TELCADO Y MOUSE DETALLES DE SU O POR CONDCION.,ver [1] fotos.,"$ 2,989.00","$ 2,989.00",Chimalhuacán Barrio  Artesanos,55-4160-5763
92027378.1,PC ESCRITORIO (usado),LENOVO,IDEACENTREAIO33020IGM-RAM:4GB-DD:500GB,LENOVO IDEACENTREAIO33020IGM-RAM:4GB-DD:500GB COMPUTADORA LENOVO IDEACENTRE AIO 330-20IGM COLOR NEGRO EN CONDICIONES DE USO RAYADO Y MALTRATADO  POR USO DEL ARTICULO PROBADO FUNCIONANDO Y LIGEROS DETALLES ESTETICULO CARGADOR CABLE DE CORRIENTE TECLADO Y MOUSE,ver [1] fotos.,"$ 3,176.00","$ 3,176.00",Chimalhuacán Barrio  Artesanos,55-4160-5763
92029832.1,PC ESCRITORIO (usado),HP,21B0013LA-RAM:4GB-DD:1TB,"PC DE ESCRITORIO HP 21B0013LA-RAM:4GB-DD:1TB PROCESADOR CELERON, CON TECLADO,  MOUSE Y CARGADOR  EN CAJA PROBADO, FUNCIONANDO CON LIGEROS DETALLES ESTETICOS.",---,"$ 3,600.00","$ 3,600.00",Chimalhuacán Barrio  Artesanos,55-4160-5763
MG2425,PC ESCRITORIO (nuevo),HP,2755E,DESKJET WIRELESS INKJET PRINTER,---,"$ 1,499.00","$ 1,499.00",Chimalhuacán Barrio  Artesanos,55-4160-5763
MG2438,PC ESCRITORIO (nuevo),EPSON,ET2800,"EPSON ECOTANK ET-2800 WIRELESS COLOR ALL-IN-ONE CARTRIDGE-FREE SUPERTANK PRINTER WITH SCAN AND COPY THE IDEAL BASIC HOME PRINTER - WHITE, MEDIUM",---,"$ 2,999.00","$ 2,999.00",Chimalhuacán Barrio  Artesanos,55-4160-5763
51031761.1,PC ESCRITORIO (usado),ACER,ASPIREZ1602-RAM:4GB-DD:1TB,"ACER ASPIREZ1602-RAM:4GB-DD:1TB PC TODO EN UNO CON 1TB DD 4 EN RAM PROCESADOR INTEL CELERON , CON TECLADO Y MAUSE, COLOR BLANCO",ver [1] fotos.,"$ 1,461.00","$ 1,461.00",Chimalhuacán Centro,55-5985-0287
51031770.1,PC ESCRITORIO (usado),LENOVO,E73Z-RAM:4GB-DD:500GB,"PC DE ESCRITORIO TODO EN UNO LENOVO E73Z-RAM:4GB-DD:500GB HDD, 4GB RAM, PROCESADOR PENTIUM, CON TECLADO Y MOUSE, CABLE DE CORRIENTE, EN CONDICIONES DE USO, RAYMALT",ver [1] fotos.,"$ 1,269.00","$ 1,269.00",Chimalhuacán Centro,55-5985-0287
51032013.1,PC ESCRITORIO (usado),LENOVO,IDEACENTREAIO322IMB05-RAM:4GB-DD:1TB,"COMPUTADORA LENOVO IDEACENTREAIO322IMB05-RAM:4GB-DD:1TB ///COLOR NEGRO,1TB DE CAPACIDAD,4RAM,INTEL CORE I3,WINDOWS 11,CAGADOR,CONDICIONES DE USO.",ver [1] fotos.,"$ 4,273.00","$ 4,273.00",Chimalhuacán Centro,55-5985-0287
51033746.1,PC ESCRITORIO (usado),LENOVO,IDEACENTREAIO324ARE05-RAM:24GB-DD:500GB,"COMPUTADORA TODO EN UNO LENOVO IDEACENTREAIO324ARE05-RAM:24GB-DD:500GB RYZEN 3 500GB + 24 GB RAM / CON TECLADO, CON MOUSE, CON ELIMINADOR DE CORRIENTE, PROBADO, FUNCIONANDO ,CON LIGEROS DETALLES ESTETICOS.",ver [1] fotos.,"$ 11,303.00","$ 11,303.00",Chimalhuacán Centro,55-5985-0287
51033797.1,PC ESCRITORIO (usado),HP,PROONE400G220-RAM:4GB-DD:500GB,"COMPUTADORA TODO EN UNO HP PROONE400G220-RAM:4GB-DD:500GB INTEL CELERON, CON MOUSER, CON TECLADO, PROBADO, FUNCIONANDO, CON LIGEROS DETALLES ESTETICOS.",ver [1] fotos.,"$ 1,586.00","$ 1,586.00",Chimalhuacán Centro,55-5985-0287
51034370.1,PC ESCRITORIO (usado),LENOVO,F0D7007MLD-RAM:4GB-DD:500GB,PC LENOVO F0D7007MLD-RAM:4GB-DD:500GB // COMPUTADORA TODO EN UNO // CON CARGADOR // MAUS // TECLADO // PROBADO FUNCIONANDO Y LIGEROS DETALLES ESTETICOS.*,ver [1] fotos.,"$ 3,000.00","$ 3,000.00",Chimalhuacán Centro,55-5985-0287
79023990.1,PC ESCRITORIO (usado),LENOVO,IDEACENTREAIO33020AST-RAM:4GB-DD:1TB,LENOVO IDEACENTREAIO33020AST-RAM:4GB-DD:1TB AMD A 6 4 RAM 1 TERA DD CON MOUSE Y TECLADO EN BUEN ESTADO,ver [1] fotos.,"$ 2,403.00","$ 2,403.00",Chimalhuacán Las Torres,55-4160-5615
79024496.1,PC ESCRITORIO (usado),HP,HP205G3AIO-RAM:4GB-DD:500GB,"COMPUTADORA HP HP205G3AIO-RAM:4GB-DD:500GB COMPUTADORA  ,CON TECLADO Y MOUSE,500GB, 4RAM,S.O WINDOWS 10, PROCESADOR AMD E2,DETALLES DE USO",ver [1] fotos.,"$ 1,737.00","$ 1,737.00",Chimalhuacán Las Torres,55-4160-5615
79026467.1,PC ESCRITORIO (usado),LENOVO,FOCL006ULD-RAM:8GB-DD:1TB,"PC ESCRITORIO LENOVO FOCL006ULD-RAM:8GB-DD:1TB ALL IN ONE,1TB,8RAM,PROCESADOR INTEL PENTIUM,WINDOWS 10,COM MOUES, TECLADO,Y CARGADOR ,DETALLES DE USO",ver [1] fotos.,"$ 1,819.00","$ 1,819.00",Chimalhuacán Las Torres,55-4160-5615
79028809.1,PC ESCRITORIO (usado),LENOVO,SM-RAM:4GB-DD:1TB,"LENOVO SM-RAM:4GB-DD:1TB COMPUADORA DE ESCRITORIO LENOVO PROCESADOR AMD A6 9200, DOS NUECLEOS A 2GHZ 1TB Y 4RAM , PROBADO, FUNCIONANDO Y LIGEROS DETALLES ESTÉTICOS.",ver [1] fotos.,"$ 2,328.00","$ 2,328.00",Chimalhuacán Las Torres,55-4160-5615
MG2425,PC ESCRITORIO (nuevo),HP,2755E,DESKJET WIRELESS INKJET PRINTER,---,"$ 1,499.00","$ 1,499.00",Chimalhuacán Las Torres,55-4160-5615
15061716.1,PC ESCRITORIO (usado),HP,20C212LA-RAM:4GB-DD:1TB,PC ESCRITORIO HP 20C212LA-RAM:4GB-DD:1TB COLOR BLANCO CON CABLE DE CORRIENTE MOUSE Y TECLADO,ver [1] fotos.,"$ 2,150.00","$ 2,150.00",Coacalco Power Center,55-4160-5707
15062239.1,PC ESCRITORIO (usado),GATEWAY,MO318-RAM:4GB-DD:500GB,COMPUTADORA DE ESCRITORIO GATEWAY MO318-RAM:4GB-DD:500GB COLOR NEGRO CON TECLADO BLANCO CON MOUSE Y CARGADOR USO APARENTE FUNCIONANDO,ver [1] fotos.,"$ 1,123.00","$ 1,123.00",Coacalco Power Center,55-4160-5707
75027332.1,PC ESCRITORIO (usado),DELL,INSPIRON203052-RAM:4GB-DD:1TB,ALL ONLY ONE DELL INSPIRON203052-RAM:4GB-DD:1TB BLANCA TECLADO MOUSE CABLE CORRIENTE DETALLES DE USO,ver [1] fotos.,"$ 1,394.00","$ 1,394.00",Coyoacán Plaza Cantil,55-4160-5768
75028020.1,PC ESCRITORIO (usado),LENOVO,IDEACENTREAIO52022AST-RAM:8GB-DD:1TB,COMPUTADORA LENOVO IDEACENTREAIO52022AST-RAM:8GB-DD:1TB AMD A6 7TH GEN CON TECLADO CON MOUSE SIN CAJA ELIMINADOR DE CORRIENTE DETALLES USO,ver [1] fotos.,"$ 4,293.00","$ 4,293.00",Coyoacán Plaza Cantil,55-4160-5768
75028114.1,PC ESCRITORIO (usado),LENOVO,AIO32020AST-RAM:4GB-DD:1TB,COMPUTADORA DE ESCRITORIO CON MOUSE TECLADO RAM4GB DD 1TB PROCESADOR AMD A4 LENOVO AIO32020AST-RAM:4GB-DD:1TB,ver [1] fotos.,"$ 3,292.00","$ 3,292.00",Coyoacán Plaza Cantil,55-4160-5768
75030252.1,PC ESCRITORIO (usado),XTREME,XTXZR516GBRENOIR-RAM:16GB-DD:250GB,PC GAMER XTREME XTXZR516GBRENOIR-RAM:16GB-DD:250GB AMD RYZEN 5 4600G 16RAM 250GB SSD AMD RADEON GRAPHICS CON LUCS EN CPU TECLADO Y MOUSE DETALLES DE USO,ver [1] fotos.,"$ 5,006.00","$ 5,006.00",Coyoacán Plaza Cantil,55-4160-5768
260012588.1,PC ESCRITORIO (usado),LENOVO,AIO33020AST-RAM:4GB-DD:1TB,LENOVO AIO33020AST-RAM:4GB-DD:1TB PC TODO EN UNO  DESGATE  DE USO  MEDIO  DEJA MAUS Y  TECLADO,ver [1] fotos.,"$ 2,326.00","$ 2,326.00",Cuajimalpa,55-4160-5660
3045996.1,PC ESCRITORIO (usado),DELL,3048SERIES-RAM:8GB-DD:1TB,"ALL IN ONE DELL 3048SERIES-RAM:8GB-DD:1TB , I CORE 3,WIN 10, PANTALLA TACTIL, 8GB RAM, 1TB SSD, CON PEQUEÑOS PUNTOS BLANCOS EN PANTALLA PREVIAMENTE DEVALUADOS, SIN CAJA, CON TECLADO Y MOUSE, DETALLES DE USO",ver [1] fotos.,"$ 1,679.00","$ 1,679.00",Cuautepec,55-5985-0281
3046793.1,PC ESCRITORIO (usado),LENOVO,F0BB00GULD-RAM:4GB-DD:1TB,"ALL IN ONE LENOVO F0BB00GULD-RAM:4GB-DD:1TB 4 RAM, WIND10  SIN CAJA, DETALLES DE USO",ver [1] fotos.,"$ 1,520.00","$ 1,520.00",Cuautepec,55-5985-0281
258024253.1,PC ESCRITORIO (usado),LENOVO,SM-RAM:2GB-DD:500GB,"PC ALL IN ONE SIN CAJA CON TECLADO Y MOUSE PROCESADOR INTEL ATOM LENOVO SM-RAM:2GB-DD:500GB CON LIGEROS GOLPES/RAYONES , FUNCIONANDO , EN COLOR BLANCO.",ver [1] fotos.,$ 947.00,$ 947.00,Cuautepec Barrio Alto,55-4160-4154
258024923.2,PC ESCRITORIO (usado),LENOVO,C260-RAM:2GB-DD:500GB,LENOVO C260-RAM:2GB-DD:500GB PC TODO EN UNO CON 2 DE RAM CON 500 DE ALM CON TECLADO MAUSE Y CARGADOR DETALLES DE USO,ver [1] fotos.,$ 891.00,$ 891.00,Cuautepec Barrio Alto,55-4160-4154
258025024.1,PC ESCRITORIO (usado),HP,HP181101LA-RAM:2GB-DD:1TB,"PC ALL IN ONE AMD-E1 SIN CAJA CON TECLADO Y MOUSE HP HP181101LA-RAM:2GB-DD:1TB CON LIGEROS GOLPES/RAYONES , FUNCIONANDO , EN COLOR NEGRO.",ver [1] fotos.,"$ 1,000.00","$ 1,000.00",Cuautepec Barrio Alto,55-4160-4154
258025118.1,PC ESCRITORIO (usado),GATEWAY,ZX4270-RAM:4GB-DD:500GB,"PC ALL IN ONE SIN CAJA CON TECLADO Y MOUSE AMD A4 GATEWAY ZX4270-RAM:4GB-DD:500GB CON LIGEROS GOLPES/RAYONES , FUNCIONANDO , EN COLOR NEGRO,",ver [1] fotos.,"$ 1,648.00","$ 1,648.00",Cuautepec Barrio Alto,55-4160-4154
65025644.1,PC ESCRITORIO (usado),LENOVO,AIO33020AST-RAM:8GB-DD:1TB,"COMPUTADORA TODO EN 1 LENOVO AIO33020AST-RAM:8GB-DD:1TB TECLADO MAUSE, CARGADOR. RAYADURA SUPERFICIAL EN PANTALLA. CUENTA LOCAL",ver [1] fotos.,"$ 3,500.00","$ 3,500.00",Ecatepec Chiconautla,55-4160-5662
65026250.1,PC ESCRITORIO (usado),HP,21B0021LA-RAM:4GB-DD:500GB,"PC TODO EN UNO (4RAM) (64GB), TECLADO, MAUSE Y CARGADOR ORGINAL, EN COLOR CREMA, SIN CUENTA DE RIESGO HP 21B0021LA-RAM:4GB-DD:500GB DETALLES DE USO",ver [1] fotos.,"$ 3,500.00","$ 3,500.00",Ecatepec Chiconautla,55-4160-5662
65026999.1,PC ESCRITORIO (usado),LENOVO,F0D7-RAM:8GB-DD:1TB,PC ALL IN ONE LENOVO F0D7-RAM:8GB-DD:1TB COLOR BLANCA CON TECLADO Y MOUSE INALAMBRICO SIN CUENTA SIN DETALLES,ver [1] fotos.,"$ 3,500.00","$ 3,500.00",Ecatepec Chiconautla,55-4160-5662
65028027.1,PC ESCRITORIO (usado),HP,20C401LA-RAM:8GB-DD:500GB,"COMPUTADORA DE ESCRITORIO HP 20C401LA-RAM:8GB-DD:500GB COLOR NEGRA, MOUSE, TECLADO, TODO EN UNO RAM 8GB DD500",ver [1] fotos.,"$ 2,278.00","$ 2,278.00",Ecatepec Chiconautla,55-4160-5662
76026821.1,PC ESCRITORIO (usado),HP,21B0021LA-RAM:8GB-DD:1TB,HP 21B0021LA-RAM:8GB-DD:1TB PC ESCRITORIO CON CAJA Y ACCESORIOS CON PEQUEÑO DETALLE EN ELE MAUSE SE REALIZA PRUEBAS DE FUNCIONAMIENTO,ver [1] fotos.,"$ 5,700.00","$ 5,700.00",Ecatepec Gobernadora,55-4160-5837
76027533.1,PC ESCRITORIO (usado),ASUS,V241DAP-RAM:8GB-DD:1TB,ALL-IN-ONE ASUS V241DAP-RAM:8GB-DD:1TB CON TECLADO MAUSE SE REALIZA PRUEBA.,ver [1] fotos.,"$ 6,600.00","$ 6,600.00",Ecatepec Gobernadora,55-4160-5837
60040234.1,PC ESCRITORIO (usado),GATEWAY,SM-RAM:4GB-DD:1TB,"COMPUTADORA GATEWAY SM-RAM:4GB-DD:1TB ,COLOR NEGRA,TECLADO CLANCO,DESGASTE DE USO",ver [1] fotos.,"$ 1,800.00","$ 1,800.00",Ecatepec Jardines de Morelos,55-5980-4930
217015387.1,PC ESCRITORIO (usado),LENOVO,ESD1816925C-RAM:4GB-DD:1TB,LENOVO ESD1816925C-RAM:4GB-DD:1TB MONITOR CON TODOS SUS ACCESORIOS SE REALIZA PRUEBAS DE FUNCIONAMIENTO,ver [1] fotos.,"$ 1,535.00","$ 1,535.00",Ecatepec Muzquiz,55-4160-5766
62038857.1,PC ESCRITORIO (usado),GHIA,ASH21P2-RAM:4GB-DD:1TB,COMPUTADORA DE ESCRITORIO GHIA ASH21P2-RAM:4GB-DD:1TB BLANCA EN CAJA POCO MALTRATADA POR USO,ver [1] fotos.,"$ 4,300.00","$ 4,300.00",Ecatepec Palomas,55-5980-4931
62039632.1,PC ESCRITORIO (usado),LENOVO,AIOA34024ING-RAM:4GB-DD:1TB,"COMPUTADORA LENOVO AIOA34024ING-RAM:4GB-DD:1TB CON CAJA MOUSE,TECLADO Y CABLE DE CORRIENTE",ver [1] fotos,"$ 5,814.00","$ 5,814.00",Ecatepec Palomas,55-5980-4931
256016064.2,PC ESCRITORIO (usado),APPLE,A1347-RAM:8GB-DD:320GB,APPLE A1347-RAM:8GB-DD:320GB INTEL CORE I5 DE DOBLE NÚCLEO DE 1.4 GHZ (TURBO BOOST DE HASTA 2.7 GHZ) CON 3 MB DE CACHÉ L3 COMPARTIDO EN CHIP,ver [1] fotos.,"$ 2,076.00","$ 2,076.00",Ecatepec San Agustín,55-4160-4156
256018340.1,PC ESCRITORIO (usado),HP,B402LA-RAM:4GB-DD:500GB,HP B402LA-RAM:4GB-DD:500GB ALL IN ONE HP PAVILION 22-B402LA INTEL CELERON 4 GB 500 GB BLANCO EN CAJA,ver [1] fotos.,"$ 2,200.00","$ 2,200.00",Ecatepec San Agustín,55-4160-4156
256018961.1,PC ESCRITORIO (usado),ACER,ASPIREZ1601-RAM:2GB-DD:500GB,ACER ASPIREZ1601-RAM:2GB-DD:500GB ACER ASPIRE Z1-601-MW20 ALL-IN-ONE 18.5'' CON TECLADO MOUSE CON SUSIEDAD EN SCROL,ver [1] fotos.,"$ 2,346.00","$ 2,346.00",Ecatepec San Agustín,55-4160-4156
61032338.1,PC ESCRITORIO (usado),LENOVO,SM-RAM:4GB-DD:128GB,"PC LENOVO SM-RAM:4GB-DD:128GB , COLOR BLANCA, 4 RAM, 128GB, DETALLES D E USO.",ver [1] fotos.,$ 600.00,$ 600.00,Ecatepec Santa Clara,55-5980-4918
61034626.1,PC ESCRITORIO (usado),HP,RTL8188CE-RAM:4GB-DD:1TB,HP RTL8188CE-RAM:4GB-DD:1TB COMPUTADORA DE ESCRITORIO ONLY ONE C/TECLACO C/MOUSE CON CABLE DE CORRIENTE DETALLES DE USO FUNCIONANDO,ver [1] fotos.,"$ 1,131.00","$ 1,131.00",Ecatepec Santa Clara,55-5980-4918
61037108.1,PC ESCRITORIO (usado),HP,20R018LA-RAM:8GB-DD:250GB,"COMPUTADORA HP 20-R155LA ALL IN ONE TOUCH HP 20R018LA-RAM:8GB-DD:250GB COLOR AZUL , CON TECLADO Y MAUS , DETALLES DE USO",ver [1] fotos.,"$ 2,619.00","$ 2,619.00",Ecatepec Santa Clara,55-5980-4918
61037376.1,PC ESCRITORIO (usado),SM,SM-RAM:6GB-DD:250GB,"PC ESCRITORIO SM SM-RAM:6GB-DD:250GB AMD ATHION II , COLOR NEGRO, DETALLES DE USO",ver [1] fotos.,$ 750.00,$ 750.00,Ecatepec Santa Clara,55-5980-4918
61037464.2,PC ESCRITORIO (usado),LENOVO,10017-RAM:4GB-DD:320GB,"PC ESCRITORIO LENOVO 10017-RAM:4GB-DD:320GB COLOR NEGRO , DETALLE DE USO",ver [1] fotos.,"$ 1,500.00","$ 1,500.00",Ecatepec Santa Clara,55-5980-4918
61037558.1,PC ESCRITORIO (usado),GHIA,ASB21CP2-RAM:4GB-DD:128GB,COMPUTADORA DE ESCRITORIO GHIA ASB21CP2-RAM:4GB-DD:128GB COLOR BLANCO CON TECLADO Y MOUS  EN CAJA,ver [1] fotos.,"$ 4,100.00","$ 4,100.00",Ecatepec Santa Clara,55-5980-4918
8131270.1,PC ESCRITORIO (usado),COMPAQ,CQ11307LA-RAM:2GB-DD:500GB,ALL IN ONE COMPAQ CQ11307LA-RAM:2GB-DD:500GB /PLASTICO COLOR NEGRO/ELIMINADOR/2RAM/500DD/ATOM D150/MOUSE /TECLADO/DETALLES DE USO-_-,ver [1] fotos.,"$ 1,289.00","$ 1,289.00",Galerías Chalco,55-4160-5686
72024810.1,PC ESCRITORIO (usado),APPLE,A1418-RAM:8GB-DD:1TB,APPLE IMAC 21.5 APPLE A1418-RAM:8GB-DD:1TB GRIS//MOUSE//TECLADO INALAMBRICO PROCESADOR 2.3GHZ INTEL CORE  I5DE DOS NUCLEOS  640 1536MB  8 RAM//1 TB    RAYT//MALT POR DETALLES DE USO,ver [1] fotos.,"$ 5,399.00","$ 5,399.00",Gran Patio Valle de Chalco,55-4160-5744
72025564.1,PC ESCRITORIO (usado),HP,RTL8821CE-RAM:4GB-DD:1TB,"HP RTL8821CE-RAM:4GB-DD:1TB /HP 4RAM 1TBDD,WINDOWS 10,AMD 4,TECLADO MOUSE MONITOR,CARGADOR DETALLES DE USO",ver [1] fotos.,"$ 3,758.00","$ 3,758.00",Gran Patio Valle de Chalco,55-4160-5744
286004981.1,PC ESCRITORIO (usado),HP,205G3AIO-RAM:4GB-DD:1TB,"ALL IN ONE HP 205G3AIO-RAM:4GB-DD:1TB SIN CAJKA MAUSE,TECLADO,MONITOR,ELIMINADOR,A4-9,1TB,4RAM,PLASTICO NEGRO,CON MINIMOS DTEALLES DE USO",ver [1] fotos.,"$ 2,368.00","$ 2,368.00",Héroes Chalco,55-8880-1489
286006848.1,PC ESCRITORIO (usado),HP,24G013LA-RAM:8GB-DD:1TB,HP 24G013LA-RAM:8GB-DD:1TB COMPUTADORA ALL IN ONE COLOR BLANCO CON TECLADO Y MOUSE ALAMBRICO CABLE DE CORRIENTE EN 2 PARTES AMD A6 8GB RAM 1TB HDD 1 PTO HDMI 3 PTOS USB 1 PTO ETHERNET ARTICULO USADO WIIN 10 HOME SINGLE,ver [1] fotos.,"$ 4,553.00","$ 4,553.00",Héroes Chalco,55-8880-1489
286007136.1,PC ESCRITORIO (usado),LENOVO,IDEACENTREA34035IGM-RAM:4GB-DD:1TB,ALL IN ONE LENOVO IDEACENTREA34035IGM-RAM:4GB-DD:1TB COLOR NEGRO DETALLES DE USO 1TB 4GB RAM,ver [1] fotos.,"$ 5,000.00","$ 5,000.00",Héroes Chalco,55-8880-1489
1129520.1,PC ESCRITORIO (usado),GIGABYTE,GBBXI3H4010-RAM:8GB-DD:320GB,GIGABYTE GBBXI3H4010-RAM:8GB-DD:320GB // PC ALL IN ONE MARCA GIGABYTE 8GB EN RAM  COLOR NEGRO CON TECLADO MAUSE MONITOR ATVLIO,ver [1] fotos.,"$ 1,140.00","$ 1,140.00",Héroes Ixtapaluca,55-4160-5674
1130486.1,PC ESCRITORIO (usado),LENOVO,IDEACENTREIAO324ITL6-RAM:4GB-DD:250GB,"LENOVO IDEACENTREIAO324ITL6-RAM:4GB-DD:250GB DETALLES DE USO, CAJA, CARGADOR, TECLADO, MOUSE, RAY MALT",ver [1] fotos.,"$ 4,879.00","$ 4,879.00",Héroes Ixtapaluca,55-4160-5674
1130648.1,PC ESCRITORIO (usado),HP,21B005LA-RAM:4GB-DD:1TB,HP 21B005LA-RAM:4GB-DD:1TB //ALL IN ONE HP AMD A4 5000 RADEON//CON MAUS TECLADO//DETALLES DE USO RAY/MALT,ver [1] fotos.,"$ 2,657.00","$ 2,657.00",Héroes Ixtapaluca,55-4160-5674
1133540.1,PC ESCRITORIO (usado),APPLE,A1418-RAM:8GB-DD:1TB,"APPLE A1418-RAM:8GB-DD:1TB DETALLES DE USO, TECLADO, MOUSE, LECTOR DE DISCOS, 1TB, 8RAM, I5, RAY MALT",ver [1] fotos.,"$ 2,999.00","$ 2,999.00",Héroes Ixtapaluca,55-4160-5674
1133651.2,PC ESCRITORIO (usado),LENOVO,F0D8-RAM:4GB-DD:1TB,"LENOVO F0D8-RAM:4GB-DD:1TB DETALLES D EUSO, COLOR BLANCA, TECLADO Y MOUSE, 1TB,4RAM, RAY MALT",ver [1] fotos.,"$ 2,500.00","$ 2,500.00",Héroes Ixtapaluca,55-4160-5674
12107583.1,PC ESCRITORIO (usado),HP,185525LA-RAM:4GB-DD:1TB,"PS HP 185525LA-RAM:4GB-DD:1TB ALL IN ONE , PLASTICO COLOR GRIS/NEGRO, PROCESADOR AMD E1 6010 AMD RADEON R2 4 GB RAM 1TB DD, ELIMINADOR, TECLADO MOUSE, SE CHECA FUNCIONAMIEBNTO W10, RAYADA MANCHADA POR USO",ver [1] fotos.,$ 700.00,$ 700.00,Héroes Tecámac 1° Sección,55-4160-5698
12108372.1,PC ESCRITORIO (usado),COMPAQ,SM-RAM:16GB-DD:1TB,"MONITOR COMPAQ SM-RAM:16GB-DD:1TB MODFICADO A GAMER . 1TB DE ALMACENAMIENTO , 16 DE RAM HYPERX  , VENTOLADOR TURBO , FUENTE DE PODER TURBO",ver [1] fotos.,"$ 2,209.00","$ 2,209.00",Héroes Tecámac 1° Sección,55-4160-5698
12109246.1,PC ESCRITORIO (usado),LENOVO,F0E7-RAM:4GB-DD:1TB,COMPUTADORA LENOVO F0E7-RAM:4GB-DD:1TB COLOR NEGRO CON ELIMINADOR Y MOUSE SIN TECLADO,ver [1] fotos.,"$ 3,600.00","$ 3,600.00",Héroes Tecámac 1° Sección,55-4160-5698
288008490.1,PC ESCRITORIO (usado),HP,TPCQ06622-RAM:4GB-DD:1TB,"ALL IN ONE , HP TPCQ06622-RAM:4GB-DD:1TB , PLASTICO NEGRO C/ELIMINADOR EN CONDICONES DE USO.",ver [1] fotos.,"$ 4,500.00","$ 4,500.00",Héroes Tizayuca,55-8880-1490
10084680.1,PC ESCRITORIO (usado),HP,21B0013LA-RAM:4GB-DD:1TB,HP 21B0013LA-RAM:4GB-DD:1TB PC HP DE  ALL IN ONE  DE 4 EN RAM Y 1TB EN ALMACENAMIENTO,ver [1] fotos.,"$ 2,083.00","$ 2,083.00",Hidalgo Patio Tepeji,55-4162-3306
55038470.1,PC ESCRITORIO (usado),HP,3201022LA-RAM:6GB-DD:1TB,COMPUTADORA DE ESCRITORIO HP 3201022LA-RAM:6GB-DD:1TB COLOR GRIS CON DOS RATONES Y UN TECLADO EN CONDICIONES DE USO,ver [1] fotos.,"$ 1,950.00","$ 1,950.00",Hidalgo Tizayuca,55-5980-4920
258018532.2,PC ESCRITORIO (usado),GHIA,ASB21CP3-RAM:4GB-DD:128GB,"GHIA ASB21CP3-RAM:4GB-DD:128GB / ALL IN ONE GHIA SQUADRA ASB21CP3, PROCESADOR INTEL CELERON N3450/ SIN CAJA/ PRUEBA DE FUNCIONAMIENTO/ 64GB/ 4RAM",ver [1] fotos.,"$ 1,500.00","$ 1,500.00",Huehuetoca Paseo de la Mora,55-4160-5835
29095655.1,PC ESCRITORIO (usado),HP,TPCQ02820-RAM:8GB-DD:1TB,"HP TPCQ02820-RAM:8GB-DD:1TB ALL IN ONE COLOR BLANCO, CON MAUSE, TECLADO, DETALLES DE USO QUE NO AFECTA SU FUNCIONAMIENTO",ver [1] fotos.,"$ 2,500.00","$ 2,500.00",Huehuetoca Paseo de la Mora,55-4160-5835
29097026.1,PC ESCRITORIO (usado),HP,21B0011LA-RAM:8GB-DD:500GB,HP 21B0011LA-RAM:8GB-DD:500GB COMPUTADORA HP COLOR BLANCA CON ACCESORIOS MOUSE Y TECLADO CON DETALLES DE USO QUE NO AFECTAN SU FUNCIONAMIENTO,ver [1] fotos.,"$ 2,700.00","$ 2,700.00",Huehuetoca Paseo de la Mora,55-4160-5835
13153966.2,PC ESCRITORIO (usado),HP,20C401LA-RAM:4GB-DD:1TB,HP 20C401LA-RAM:4GB-DD:1TB // ALL IN ONE// COLOR NEGRO// 4 GB RAM//11 TB// CON CABLE CORRIENTE// CON TECLADO Y MAOUSE// USADO RAY/MAL,ver [1] fotos.,"$ 2,595.00","$ 2,595.00",Ixtapaluca Patio Ayotla,55-4160-5701
13154624.1,PC ESCRITORIO (usado),LENOVO,IDEACENTREAIO322IMB06-RAM:4GB-DD:1TB,ALL IN ONE LENOVO IDEACENTREAIO322IMB06-RAM:4GB-DD:1TB //4GB RAM 1TB DD//DETALLES DE USO RATY/MALT,ver [1] fotos.,"$ 4,120.00","$ 4,120.00",Ixtapaluca Patio Ayotla,55-4160-5701
13155861.1,PC ESCRITORIO (usado),LENOVO,IDEACENTRAIO33020AST-RAM:4GB-DD:1TB,ALL IN ONE LENOVO IDEACENTRAIO33020AST-RAM:4GB-DD:1TB BLANCA AMD A6-9200 RADEON R4 WINDOES 10  TECLADO MAUSE CARGADOR CAJA S//YJ00P0NW SUCIO RAY//MALT DETALLES DE USO,ver [1] fotos.,"$ 4,203.00","$ 4,203.00",Ixtapaluca Patio Ayotla,55-4160-5701
9091870.0,PC ESCRITORIO (usado),HP,PROONE400GRAM:4GBDD:500GB,PC ALL IN ONE HP PROONE400G-RAM:4GB-DD:500GB/SER 41NB2/PROCESADOR PENTIUN G4400T/2.90GHZ/TECLADO / MAUSE /ELIMINADOR /CAJA/ RAY MAL,ver [1] fotos,"$ 6,381.00","$ 6,381.00",Ixtapaluca Plaza San Buenaventura,55-4160-5689
9131016.1,PC ESCRITORIO (usado),LENOVO,IDEACENTREAIO31020IAP-RAM:4GB-DD:500GB,LENOVO IDEACENTREAIO31020IAP-RAM:4GB-DD:500GB // PC LENOVO MOD IDEACENTREAIO31020IAP / SER-YJ006XWC / 4 RAM / 500 GB / TECLADO / MOUSE / CARGD / RAY MALT-,ver [1] fotos.,"$ 1,998.00","$ 1,998.00",Ixtapaluca Plaza San Buenaventura,55-4160-5689
9133520.1,PC ESCRITORIO (usado),HP,24XA103LA-RAM:6GB-DD:1TB,HP 24XA103LA-RAM:6GB-DD:1TB // PC TODO EN UNO HP PAVILLION 24 ALL-IN-ONE// 1TB HDD// 6 RAM//AMD RYZEN5 3550H2.10GHZ// TECLADO INALAMBRICO// MOUSE INALAMBRICO// ELIMINADOR// DET USO RAY/MAL,ver [1] fotos.,"$ 6,000.00","$ 6,000.00",Ixtapaluca Plaza San Buenaventura,55-4160-5689
9134121.1,PC ESCRITORIO (usado),LENOVO,IDEACENTREAIO322IMB05-RAM:4GB-DD:1TB,LENOVO IDEACENTREAIO322IMB05-RAM:4GB-DD:1TB // LENOVO IDEACENTRE AIO 3 22IMB06 1TB HDD// 4 RAM// INTEL CORE I3-10100T 3.00 GHZ// TECLADO MOUSE// ELIMINADOR// DET DE USO,ver [1] fotos.,"$ 5,600.00","$ 5,600.00",Ixtapaluca Plaza San Buenaventura,55-4160-5689
9135137.1,PC ESCRITORIO (usado),HP,22DD0520LA-RAM:4GB-DD:1TB,HP 22DD0520LA-RAM:4GB-DD:1TB // HP ALL IN ONE 22-DDD0520LA 1TB HDD// 4 RAM// INTEL CELERON J4025 2.00GHZ,ver [1] fotos.,"$ 3,364.00","$ 3,364.00",Ixtapaluca Plaza San Buenaventura,55-4160-5689
262011302.1,PC ESCRITORIO (usado),LENOVO,FOD7007MLD-RAM:4GB-DD:500GB,LENOVO FOD7007MLD-RAM:4GB-DD:500GB COMPUTADORA LENOVO FOD700 CON 500GB 4RAM CELERON J4005 TECLADO RATON ELIMINADOR EN CAJA DETALLES D EUOS,ver [1] fotos.,"$ 2,648.00","$ 2,648.00",Iztapalapa Santa Cruz Meyehualco,55-5985-0284
262011938.1,PC ESCRITORIO (usado),HP,RTL8188EE-RAM:4GB-DD:1TB,"ALL IN ONE HP RTL8188EE-RAM:4GB-DD:1TB //COLOR BCO,4GB 1TB,TECLADO MAUSE,CABLE CORRIENTE,PROBADO Y FUNCIONANDO CORRECTAMENTE,RAY MAL,DETALLES DE USO.",ver [1] fotos.,"$ 1,534.00","$ 1,534.00",Iztapalapa Santa Cruz Meyehualco,55-5985-0284
203017443.1,PC ESCRITORIO (usado),HP,23G018LA-RAM:6GB-DD:1TB,PC HP 23G018LA-RAM:6GB-DD:1TB ALL IN ONE  1 TB 6 RAM NEGRA CON GRIS,ver [1] fotos.,"$ 2,290.00","$ 2,290.00",Jiutepec Morelos,55-4160-5788
207010714.1,PC ESCRITORIO (usado),LENOVO,IDEACENTRE310-RAM:4GB-DD:1TB,"PC LENOVO IDEACENTRE310-RAM:4GB-DD:1TB DE ESCRITORIO ALL IN ONE 1TB HDD 4GB RAM INTECL CELERERON 3RA GEN, MOUSE Y TECLADO ORIGINALES.",ver [1] fotos.,"$ 2,487.00","$ 2,487.00",Morelos Plan de Ayala,55-4160-5661
24030883.1,PC ESCRITORIO (usado),HP,PROONE245-RAM:8GB-DD:250GB,PC DE ESCRITORIO HP PROONE245-RAM:8GB-DD:250GB CON TECLADO MOUSE Y CARGADOR PROCESADOR RYZEN 3 DISCO DURO 256GB MEMORIA RAM 8GB,ver [1] fotos,"$ 5,200.00","$ 5,200.00",Naucalpan Urbina,55-4160-5844
17080166.1,PC ESCRITORIO (usado),HP,20C401LA-RAM:4GB-DD:1TB,"ALL IN ONE HP 20C401LA-RAM:4GB-DD:1TB , PROCESADOR AMD A4 9125, 2 NUCLEOS A 2.3GHZ, 4GB RAM, 1TB HDD, ADAPTADOR DE CORRIENTE, TECLADO, MOUSE, PROBADO FUNCIONANDO CON LIGEROS DETALLES ESTETICOS.",ver [1] fotos.,"$ 2,753.00","$ 2,753.00",Nezahualcóyotl Adolfo López Mateos,55-4160-5759
17080939.1,PC ESCRITORIO (usado),HP,20R025LA-RAM:8GB-DD:128GB,"ALL IN ONE HP 20R025LA-RAM:8GB-DD:128GB , PROCESADORE AMD E1-6015, 2 NUCLEOS A 1.4GHZ, 8GB RAM, 128GB SSD, CARGADOR, PROBADO, FUNCIONANDO CON LIGEROS DETALLES ESTÉTICOS. W10",ver [1] fotos.,"$ 1,737.00","$ 1,737.00",Nezahualcóyotl Adolfo López Mateos,55-4160-5759
56025642.1,PC ESCRITORIO (usado),LENOVO,IDEACENTREAIO527IMB05-RAM:8GB-DD:1TB,PC ALL IN ONE LENOVO IDEACENTREAIO527IMB05-RAM:8GB-DD:1TB COLOR GRIS CON TECLADO MOUSE CABLE DE CORRIENTE COREI 7 10TH GEN 8GB RAM 1TB DETALLES DE USO,ver [1] fotos.,"$ 8,419.00","$ 8,419.00",Nezahualcóyotl Cuarta Avenida,55-4160-5780
67025109.1,PC ESCRITORIO (usado),HP,182003LA-RAM:2GB-DD:500GB,PC DE ESCRITORIO COLOR NEGRA CON TECLADO MAUSE Y ELIMINADOR DE LA MARCA RAM DE 2GB DISCO DDR DE 500 SIN CLAVES DESGASTE NATURAL POR USO HP 182003LA-RAM:2GB-DD:500GB,ver [1] fotos.,"$ 1,516.00","$ 1,516.00",Nezahualcóyotl Cuarta Avenida,55-4160-5780
67029067.1,PC ESCRITORIO (usado),DELL,W13B-RAM:4GB-DD:500GB,DELL W13B-RAM:4GB-DD:500GB PC DELL W13B-RAM:4GB-DD:500GB COM MOUSE TECLADO CABLES DE CONEXION W10 SIN CAJA,ver [1] fotos.,"$ 1,940.00","$ 1,940.00",Nezahualcóyotl Cuarta Avenida,55-4160-5780
67029119.1,PC ESCRITORIO (usado),HP,PRODESK600G2MT-RAM:16GB-DD:500GB,PC DE ESCRITORIO RAM DE 16GB DISCO DE 720DDR CON COREI5 TECLADO Y MAUSE ALAMBRICO MONITOR LCD DE 24PULGADAS SIN ANTENA WIFI DESGASTE NATURAL POR USO HP PRODESK600G2MT-RAM:16GB-DD:500GB,ver [1] fotos.,"$ 1,972.00","$ 1,972.00",Nezahualcóyotl Cuarta Avenida,55-4160-5780
67030036.1,PC ESCRITORIO (usado),LENOVO,F0BBA7LD-RAM:2GB-DD:1TB,PC DE ESCRITORIO ALL IN ONE CON CARGADOR TECLADO Y MAUSE DE LA MARCA EN CAJA RAM DE 2GB DISCO DE 1TB  PROC CELERON DESGASTE NATURAL POR USO LENOVO F0BBA7LD-RAM:2GB-DD:1TB,ver [1] fotos.,"$ 1,615.00","$ 1,615.00",Nezahualcóyotl Cuarta Avenida,55-4160-5780
67030785.1,PC ESCRITORIO (usado),HP,TPCQ02920-RAM:4GB-DD:500GB,PC ALL IN ONE HP RAM DE 4GB DISCO DDR 500GB PROCESADOR 2C+3C CON TECLADO Y MAUSE DE LA MARCA DESGASTE NATURAL POR USO HP TPCQ02920-RAM:4GB-DD:500GB,ver [1] fotos.,"$ 1,936.00","$ 1,936.00",Nezahualcóyotl Cuarta Avenida,55-4160-5780
57032544.1,PC ESCRITORIO (usado),DELL,3048SERIES-RAM:8GB-DD:1TB,DELL 3048SERIES-RAM:8GB-DD:1TB //COMPUTADORA DE ESCRITORIO TODO EN UNO COLOR NEGRO//TECLADO MARCA DIF//MAUSE//ELIMNADOR Y CABLE DE CORRIENTE//CIRE 13//8GB//1TB//CONDICIONES DE USO,ver [1] fotos.,"$ 1,874.00","$ 1,874.00",Nezahualcóyotl Madrugada,55-5980-4924
57033666.1,PC ESCRITORIO (usado),DELL,N11D-RAM:8GB-DD:128GB,"DELL N11D-RAM:8GB-DD:128GB CPU DELL PROCESADOR DELL WYSE 5070 THIN CLIENT, INTEL PENTIUM SILVER J5005 1.50GHZ, 8GB, 128GB, COLOR NEGRO CON BASE Y CABLE CORRIENTE Y DIADEMA  CON BASE CON DES-USO RAY SUC MAL",ver [1] fotos.,"$ 2,518.00","$ 2,518.00",Nezahualcóyotl Madrugada,55-5980-4924
57033828.2,PC ESCRITORIO (usado),DELL,WYSE5070-RAM:8GB-DD:128GB,DELL WYSE5070-RAM:8GB-DD:128GB CPU DELL COLOR NEGRO PROCESADOR INT6EL PENTIUM SILVER J5005 8GB RAM 64GB SSD CON CABLE CORRIENTE Y BASE DES-USO RAY SUC MAL WIFI SOLO CON CABLE,ver [1] fotos.,"$ 2,358.00","$ 2,358.00",Nezahualcóyotl Madrugada,55-5980-4924
57035273.1,PC ESCRITORIO (usado),HP,21B0011LA-RAM:4GB-DD:500GB,PC DE ESCRITORIO ALL IN ONE HP 21B0011LA-RAM:4GB-DD:500GB INTEL CELERON J4025 CON MAUSE Y TECLADO  BUEN FUNCIONAMIENTO,ver [1] fotos.,"$ 3,648.00","$ 3,648.00",Nezahualcóyotl Madrugada,55-5980-4924
57035582.1,PC ESCRITORIO (usado),HP,22DD0520LA-RAM:4GB-DD:1TB,HP 22DD0520LA-RAM:4GB-DD:1TB HP TODO EN UNO COLOR BLANCA CON PROCESADOR INTEL CELERON J4025 4GB RAM 1TB DDS CON DES-USO RAY SUC MAL,ver [1] fotos.,"$ 4,059.00","$ 4,059.00",Nezahualcóyotl Madrugada,55-5980-4924
57036426.1,PC ESCRITORIO (usado),HP,TPCP022-RAM:8GB-DD:500GB,"HP TPCP022-RAM:8GB-DD:500GB COMPUTADORADE ESCRITORIO HP ALL IN ONE NEGRO RAY MAL. 8 EN RAM 500 DD TECLADO, MAUSE, CABLE DE CORRIENTE EN CONDICIIONES DE USO",ver [1] fotos.,"$ 3,606.00","$ 3,606.00",Nezahualcóyotl Madrugada,55-5980-4924
57036444.1,PC ESCRITORIO (usado),ACER,ASPIREZ1612-RAM:4GB-DD:250GB,PC ALL IN ONE ACER ASPIREZ1612-RAM:4GB-DD:250GB CELERON J3060 BUEN FUNCIONAMIENTO ELIMINADOR  TECLADO Y MAUSE,ver [1] fotos.,"$ 1,806.00","$ 1,806.00",Nezahualcóyotl Madrugada,55-5980-4924
22051985.1,PC ESCRITORIO (usado),DELL,OPTIPLEX527-RAM:8GB-DD:1TB,"PC DELL OPTIPLEX527-RAM:8GB-DD:1TB ,ALL IN ONE DELL OPTIPLEX 5270, 1TB, CORI I5, 8 RAM, TECLADO, MOUSE, CHECADO EN SUCURSAL.",ver [1] fotos.,"$ 4,054.00","$ 4,054.00",Oaxaca Plaza Bella,800-022-6262
22053376.1,PC ESCRITORIO (usado),ASUS,AR5B125-RAM:4GB-DD:500GB,"PC ALL IN ONE AZURE WAVE ASUS AR5B125-RAM:4GB-DD:500GB , CELERON 2955U 1.4GHZ, CON TECLADO, RATON, CHECADA EN SUC",ver [1] fotos.,$ 959.00,$ 959.00,Oaxaca Plaza Bella,800-022-6262
22053952.1,PC ESCRITORIO (usado),LENOVO,F0D8003VLD-RAM:4GB-DD:1TB,"PC LENOVO F0D8003VLD-RAM:4GB-DD:1TB , CABLE DE CORRIENTE 4GB//1TB, PROCESADOR AMD 4, TECHADO, DETALLES LIG DE USO.",ver [1] fotos.,"$ 2,368.00","$ 2,368.00",Oaxaca Plaza Bella,800-022-6262
21056133.1,PC ESCRITORIO (usado),LENOVO,IDEACENTREAIO330IGM-RAM:4GB-DD:500GB,"ALL IN ONE LENOVO IDEACENTREAIO330IGM-RAM:4GB-DD:500GB COLOR NEGRO, TECLADO, MOUSE, ELIMINADOR, EN BUEN ESTADO, FUNCIONANDO",ver [1] fotos.,"$ 3,900.00","$ 3,900.00",Patio Texcoco,55-4160-5731
39043544.1,PC ESCRITORIO (usado),LENOVO,IDEACENTREAIO33020AST-RAM:4GB-DD:1TB,"LENOVO IDEACENTREAIO33020AST-RAM:4GB-DD:1TB ,COMPUTADORA TODO EN UNO,MOUSE ,TECLADO,CABLE A LUZ,*GAELOSWALDO2879*",ver [1] fotos.,"$ 4,121.00","$ 4,121.00",Plaza Atizapán,55-4160-5651
74012973.1,PC ESCRITORIO (usado),HP,20R153LA-RAM:6GB-DD:500GB,HP 20R153LA-RAM:6GB-DD:500GB AL IN ONE HP 20R153LA AMD E1-6015 RADEON 6GB RAM 500GB HDD TOUCH SCREEN CON CARGADOR,ver [1] fotos.,"$ 1,570.00","$ 1,570.00",Plaza Centenario,55-5985-0286
74013163.1,PC ESCRITORIO (usado),HP,21B0011LA-RAM:4GB-DD:500GB,HP 21B0011LA-RAM:4GB-DD:500GB ALL IN ONE HP INTEL CELERON J4025 4GB RAM 500GB HDD CON CARGADOR,ver [1] fotos.,"$ 3,134.00","$ 3,134.00",Plaza Centenario,55-5985-0286
74013819.1,PC ESCRITORIO (usado),HP,27XA003LA-RAM:8GB-DD:500GB,"HP 27XA003LA-RAM:8GB-DD:500GB ALL IN ONE HP PAVILON 27 CORE I7 8GB RAM 512GB SSD CON CABLE DE CORRIENTE TECLADO Y ,MOUSE",ver [1] fotos.,"$ 7,200.00","$ 7,200.00",Plaza Centenario,55-5985-0286
34053076.1,PC ESCRITORIO (usado),LENOVO,MJ0GX1FY-RAM:8GB-DD:128GB,LENOVO MJ0GX1FY-RAM:8GB-DD:128GB // CPU LENOVO // COLOR NEGRO // CON CABLE DE ALIMENTACION // MOUSE // WINDOWS 11 // 8RAM 128GB // INTEL CORE I5 11VA GEN // DESG  XUSO,ver [1] fotos.,"$ 2,000.00","$ 2,000.00",Plaza Chimalhuacán,55-4160-5658
34053269.1,PC ESCRITORIO (usado),HP,HP205G3AIO-RAM:4GB-DD:250GB,"ALL IN ONE HP HP205G3AIO-RAM:4GB-DD:250GB ALL IN ONE 250GB,4RAM,PROCESADOR AMD A4,CARGADOR ,DETALLES DE USO",ver [1] fotos.,"$ 2,626.00","$ 2,626.00",Plaza Chimalhuacán,55-4160-5658
34053432.1,PC ESCRITORIO (usado),HP,TPCQ02319-RAM:4GB-DD:1TB,HP TPCQ02319-RAM:4GB-DD:1TB // PC DE COLOR BLANCA CON MARCAS DE USO// TECLADO Y MAUSE,ver [1] fotos.,"$ 3,840.00","$ 3,840.00",Plaza Chimalhuacán,55-4160-5658
201018826.1,PC ESCRITORIO (usado),LENOVO,IDEACENTREAIO33020IGM-RAM:4GB-DD:500GB,"PC ALL IN ONE LENOVO IDEACENTREAIO33020IGM-RAM:4GB-DD:500GB EN COLOR NEGRO, CON MOUSE, TECLADO, ELIMINADOR.",ver [1] fotos.,"$ 2,688.00","$ 2,688.00",Plaza Coacalco,55-4160-5700
201021845.1,PC ESCRITORIO (usado),OTRA MARCA,2NNSHJJ-RAM:16GB-DD:500GB,"PC DE ESCRITORIO OTRA MARCA(NOBELBIRD) 2NNSHJJ-RAM:16GB-DD:500GB EN CAJA CON TECLADO,MAUSE,TAPETE,CABLAE CORRIENTE SIN USO",ver [1] fotos.,"$ 5,000.00","$ 5,000.00",Plaza Coacalco,55-4160-5700
215015986.1,PC ESCRITORIO (usado),HP,1005215LA-RAM:6GB-DD:500GB,HP 1005215LA-RAM:6GB-DD:500GB ALL IN ONE HP 500GB 6RAM ATLON WIN 10 TECLADO SIN MOUSE EN BUEN ESTADO SE CHECA FUNCIONAMIENTO,ver [1] fotos.,"$ 1,400.00","$ 1,400.00",Plaza Ecatepec,55-4160-5840
215016554.1,PC ESCRITORIO (usado),HP,192201LA-RAM:6GB-DD:1TB,HP 192201LA-RAM:6GB-DD:1TB TODO EN UNO HP 205 G1 AMD E1-1500 4GB 500GB 18.5 LED LINUX - BUENO (REACONDICIONADO)TODO EN UNO HP 205 G1 AMD E1-1500 4GB 500GB 18.5 LED LINUX - BUENO (REACONDICIONADO) TODO EN UNO HP 205 G1 AMD E1-1500 4GB 500GB 18.5 LED LINUX - BUENO (REACONDICIONADO) TODO EN UNO HP 205 G1 AMD E1-1500 4GB 500GB 18.5 LED LINUX - BUENO (R,ver [1] fotos.,"$ 1,950.00","$ 1,950.00",Plaza Ecatepec,55-4160-5840
5136466.1,PC ESCRITORIO (usado),GHIA,PCGHIA2521-RAM:4GB-DD:500GB,"GHIA PCGHIA2521-RAM:4GB-DD:500GB // COMPUTADORA ESCRITORIO GHIA , 4GB RAM , 500SSD , PROCESADOR CELERON , CAMARA , 2 BOCUINAS , CPU , MONITOR HP , C/CORRIENTE , C/VGA , MAUSSE , TECLADO , DETALLES DE USO RAY//MALT , SOLO SE CONECTA A INTERNET CON CABLE LAN , S/357371",ver [1] fotos.,"$ 1,293.00","$ 1,293.00",Plaza Ixtapaluca,55-4160-5680
5137455.1,PC ESCRITORIO (usado),DELL,OPTIPLEX3060-RAM:4GB-DD:500GB,DELL OPTIPLEX3060-RAM:4GB-DD:500GB COMPUTADORA DE ESCRITORIO DELL OPTIPLEX 3060/MONITOR/TECLADO/MOUSE/4GB RAM/500GB HDD/PROCESADOR CORE I5 8TH/ENTRADA USB/ENTRADA HDMI/SOLO ENTHERNET Y SIN CAMARA/DETALLES DE USO/RAY MALTR/SER 8HHCLR2,ver [1] fotos.,"$ 2,928.00","$ 2,928.00",Plaza Ixtapaluca,55-4160-5680
5140808.1,PC ESCRITORIO (usado),LENOVO,F0D8-RAM:4GB-DD:1TB,LENOVO F0D8-RAM:4GB-DD:1TB //LENOVO IDEACENTRE AIO 330-20AST F0D8 - TODO EN UNO - CON SOPORTE DE MONITOR - A6 9200 / 2 GHZ - RAM 4 GB - HDD 1 TB/// CABLE DE CARGA// MAUSE Y TECLADO DE OTRAS MARCAS DET DE USO.,ver [1] fotos.,"$ 3,471.00","$ 3,471.00",Plaza Ixtapaluca,55-4160-5680
5140964.1,PC ESCRITORIO (usado),DELL,OPTIPLEX3060-RAM:8GB-DD:250GB,"DELL OPTIPLEX3060-RAM:8GB-DD:250GB ///DELL OPTIPLEX 3060 240GB SSD, 8 GB DE RAM,// DET DE USO.",ver [1] fotos.,"$ 2,800.00","$ 2,800.00",Plaza Ixtapaluca,55-4160-5680
5141135.1,PC ESCRITORIO (usado),HP,HP205G3AIO-RAM:4GB-DD:1TB,HP HP205G3AIO-RAM:4GB-DD:1TB ///COMPUTADOR ALL IN ONE HP 1TB AMD ATHLON 4GB RAM/// DET DE USO CON MAUSE Y TECLADO CABLE CORRIENTE.,ver [1] fotos.,"$ 2,399.00","$ 2,399.00",Plaza Ixtapaluca,55-4160-5680
264016203.1,PC ESCRITORIO (usado),LENOVO,F0BB00GULD-RAM:4GB-DD:2TB,"ALL IN ONE LENOVO F0BB00GULD-RAM:4GB-DD:2TB COLOR BLANCO, CON TECLADO, MOUSE Y CARGADOR, ARTICULO DE EMPEÑO",ver [1] fotos.,"$ 2,274.00","$ 2,274.00",Plaza Tizara,55-4160-5762
264018885.1,PC ESCRITORIO (usado),HP,205G3AIO-RAM:4GB-DD:1TB,"COMPUTADORA  ALL IN ONE HP 205G3AIO-RAM:4GB-DD:1TB COLOR NEGRO, CON TECLADO, MOUSE, CARGADOR, ARTICULO DE USO.",ver [1] fotos.,"$ 3,900.00","$ 3,900.00",Plaza Tizara,55-4160-5762
264019337.1,PC ESCRITORIO (usado),LENOVO,F0BB00AALD-RAM:4GB-DD:1TB,"ALL ONE LENOVO F0BB00AALD-RAM:4GB-DD:1TB COLOR BLANCO CON TECLADO, MOUSE , Y CABLE DE CORRIENTE .",ver [1] fotos.,"$ 2,700.00","$ 2,700.00",Plaza Tizara,55-4160-5762
264019593.1,PC ESCRITORIO (usado),COMPAQ,CQ11310LA-RAM:4GB-DD:320GB,"ALL IN ONE COMPAQ CQ11310LA-RAM:4GB-DD:320GB COLOR NEGRO TECLADO ,MOUSE",ver [1] fotos.,"$ 1,100.00","$ 1,100.00",Plaza Tizara,55-4160-5762
298002655.1,PC ESCRITORIO (usado),OTRA MARCA,E1-RAM:16GB-DD:500GB,MINI PC OTRA MARCA(KAMRUI) E1-RAM:16GB-DD:500GB EN CAJA CON ELIMINADOR Y CABLE HDMI  W10 512 GB 16 RAM,ver [1] fotos.,"$ 2,650.00","$ 2,650.00",PORTAL TULTITLAN,55-8880-1471
298002717.1,PC ESCRITORIO (usado),LENOVO,IDEACENTREAIO33020AST-RAM:4GB-DD:1TB,LENOVO IDEACENTREAIO33020AST-RAM:4GB-DD:1TB PC TODO EN 1 LENOVO 1TB Y 4GB EN RAM EN COLOR BLANCO CON MOUSE Y TECLADO EN CONDICIONES DE USO,ver [1] fotos,"$ 3,696.00","$ 3,696.00",PORTAL TULTITLAN,55-8880-1471
298002733.5,PC ESCRITORIO (usado),HP,20E003LA-RAM:4GB-DD:1TB,ALL IN ONE HP 20E003LA-RAM:4GB-DD:1TB COLOR BLANCO CON CARGADOR CON TECLADO Y CON MAUSE,ver [1] fotos,"$ 1,248.00","$ 1,248.00",PORTAL TULTITLAN,55-8880-1471
298002739.1,PC ESCRITORIO (usado),SM,T4PRO-RAM:4GB-DD:128GB,SM T4PRO-RAM:4GB-DD:128GB - MINI PC  INTEL CELERON 4 GB EN RAM 64 GB EN ALMAC EN CAJA CON ELIMINADOR Y CABLE HDMI EN CONDICIONES DE USO,ver [1] fotos.,"$ 1,021.00","$ 1,021.00",PORTAL TULTITLAN,55-8880-1471
298002862.1,PC ESCRITORIO (usado),ACEMAGIC,AM18-RAM:32GB-DD:500GB,ACEMAGIC AM18-RAM:32GB-DD:500GB GAME MINI PC AMD RYZEN 7 7840HS 32GB RAM 512GB SSD EN CAJA CON CARGADOR Y CABLE HDMI EN CONDICIONES DE USO,ver [1] fotos.,"$ 6,000.00","$ 6,000.00",PORTAL TULTITLAN,55-8880-1471
46041574.1,PC ESCRITORIO (usado),HP,HP205G3-RAM:4GB-DD:1TB,COMPUTADORA ALL IN ONE HP HP205G3-RAM:4GB-DD:1TB 1TB 4RAM AMD E2 COLOR NEGRO CON TECLADO Y MOUSE FUNCIONANDO BIEN POCOS DETALLES DE USO,ver [1] fotos.,"$ 3,058.00","$ 3,058.00",Puebla Av. Independecia,800-022-6262
46042465.1,PC ESCRITORIO (usado),HP,20E112LA-RAM:4GB-DD:1TB,"COMPUTADORA DE ESCRITORIO HP 20E112LA-RAM:4GB-DD:1TB ALL IN ONE COLOR BLACO CON TECLADO, MAUSE Y CARGADOR EN BUEN ESTADO CON DETALLES DE USO",ver [1] fotos.,"$ 1,916.00","$ 1,916.00",Puebla Av. Independecia,800-022-6262
6017747.1,PC ESCRITORIO (usado),LENOVO,F0D8005JLD-RAM:8GB-DD:1TB,"PC ALL IN ONE LENOVO, LENOVO F0D8005JLD-RAM:8GB-DD:1TB , COLOR BLANCO, MEM 1TB ,4 EN RAM , AMD A6 9225 RENDON 2.08GHZ, CON TECLADO MOUSE , CON CARGADOR, CONTRA:AMORCHI4",ver [1] fotos.,"$ 3,284.00","$ 3,284.00",Puebla Av. Independecia,800-022-6262
19045792.1,PC ESCRITORIO (usado),NEC,TWINPOSG7-RAM:4GB-DD:320GB,"PC ESCRITORIO, OTRA MARCA(NEC) TWINPOSG7-RAM:4GB-DD:320GB ,320 GB, CON CPU, MONITOR, TECLADO Y MOUSE, PRUEBAS DE FUNCION EN SUCURAL, SUCIA, SIN CAJA, MARCAS POR USO",ver [1] fotos.,"$ 1,000.00","$ 1,000.00",Puebla Plaza Centro Sur,800-022-6262
276011541.1,PC ESCRITORIO (usado),HP,TPCP07021-RAM:4GB-DD:500GB,"PC HP TPCP07021-RAM:4GB-DD:500GB ALL IN ONE CON TECLADO, RATON Y ELIMINADOR",ver [1] fotos,"$ 2,344.00","$ 2,344.00",Recursos Hidráulicos Ecatepec,55-4160-6450
59029697.1,PC ESCRITORIO (usado),LENOVO,CS0407210K-RAM:4GB-DD:1TB,COMPUTADORA LENOVO CS0407210K-RAM:4GB-DD:1TB COLOR BLANCO CON TECLADO MAUSE CARGADOR DETALLES D EUSO,ver [1] fotos.,"$ 1,000.00","$ 1,000.00",San Felipe,55-5980-4928
59029899.1,PC ESCRITORIO (usado),HP,192201LA-RAM:4GB-DD:1TB,COMPUTADORA HP 192201LA-RAM:4GB-DD:1TB COLOR GRIS CON MOUSE TECLADO T CABLE DE ALIMENTACION CON DETALLES DE USO,ver [1] fotos.,"$ 2,687.00","$ 2,687.00",San Felipe,55-5980-4928
59030396.1,PC ESCRITORIO (usado),HP,HP205G3AIOBUSINESSPC-RAM:4GB-DD:1TB,"COMPUTADORA ALL IN ONE HP HP205G3AIOBUSINESSPC-RAM:4GB-DD:1TB , COLOR NEGRO CON ELIMINADOR TECLADO Y MOUSE",ver [1] fotos.,"$ 2,900.00","$ 2,900.00",San Felipe,55-5980-4928
47037610.1,PC ESCRITORIO (usado),DELL,3052S-RAM:4GB-DD:500GB,DELL 3052S-RAM:4GB-DD:500GB PC DE ESCRITORIO  TACTIL  CON TECLADO Y MAUS INALAMBRICO DETALLES DE USO CON PIXELES MUERTOS,ver [1] fotos.,"$ 1,448.00","$ 1,448.00",Santiago Tianguistenco Toluca,015541604159
47040439.1,PC ESCRITORIO (usado),DELL,D15U-RAM:8GB-DD:500GB,DELL D15U-RAM:8GB-DD:500GB COMPUTADORA DELL OPTIPLEX 8GB RAM  512SSD WINDOWS 11 PRO  FUNCIONANDO CORRECTAMENTE,ver [1] fotos.,"$ 2,295.00","$ 2,295.00",Santiago Tianguistenco Toluca,015541604159
88020817.1,PC ESCRITORIO (usado),HP,20R122LA-RAM:4GB-DD:1TB,ALL IN ONE HP 20R122LA-RAM:4GB-DD:1TB RAY MAL 1TB 4 RAM EN CODNCIIONES DE USO CON CAJA TECLADO Y MAUSE EN CONCIIONES DE USO,ver [1] fotos.,"$ 2,697.00","$ 2,697.00",Serviplaza Iztapalapa,55-4160-5669
48048183.2,PC ESCRITORIO (usado),APPLE,A1418-RAM:8GB-DD:250GB,APPLE A1418-RAM:8GB-DD:250GB,ver [1] fotos.,"$ 3,500.00","$ 3,500.00",Tacubaya,55-4160-6451
268012293.1,PC ESCRITORIO (usado),APPLE,A1347-RAM:4GB-DD:500GB,"MAC MINI APPLE A1347-RAM:4GB-DD:500GB TIPO CPU, EN ESMALTE GRIS.  CORE I5 DE DOBLE NUCLEO/4RAM/500DD. CON CABLE DE ALIMENTACIÓN BLANCO. CLAVE 0000",ver [1] fotos.,"$ 3,941.00","$ 3,941.00",Tecámac Centro,55-4160-5620
20090148.1,PC ESCRITORIO (usado),HP,20C401LA-RAM:4GB-DD:1TB,ALL IN ONE HP 20C401LA-RAM:4GB-DD:1TB AMD K15 EN ACABADO NEGRO CON ELIMINADOR TECLADO Y MOUSE GENERICO CON DETALLES DE USO Y DESGASTES COMUNES,ver [1] fotos.,"$ 1,800.00","$ 1,800.00",Tecámac Macroplaza,55-4160-5726
20091744.1,PC ESCRITORIO (usado),LENOVO,DESKTOPICEKARS-RAM:4GB-DD:1TB,PC DE ESCRITORIO LENOVO DESKTOPICEKARS-RAM:4GB-DD:1TB COLOR NEGRA/PROCESADOR AMDA6/CON MUSE UNALAMBRICO/CON TECLADO/SUCIA MALTRATADA X USO,ver [1] fotos.,"$ 1,647.00","$ 1,647.00",Tecámac Macroplaza,55-4160-5726
16139517.1,PC ESCRITORIO (usado),HP,HP260G2DM-RAM:4GB-DD:500GB,HP HP260G2DM-RAM:4GB-DD:500GB,ver [1] fotos.,"$ 1,100.00","$ 1,100.00",Tecámac Plaza Bella Mexiquense,55-4160-5710
16141320.1,PC ESCRITORIO (usado),DELL,OPTIPLEZ7010-RAM:16GB-DD:500GB,"PC DELL OPTIPLEZ7010-RAM:16GB-DD:500GB COREI5  EN ACABDO PLASTICO NEGRO, TECLADO, MAUS, VGA, CABLES DE CORRIENTE DETALLES DE USO",ver [1] fotos.,"$ 1,900.00","$ 1,900.00",Tecámac Plaza Bella Mexiquense,55-4160-5710
2079349.1,PC ESCRITORIO (usado),LENOVO,AIO33020AST-RAM:4GB-DD:1TB,"ALL IN ONE LENOVO AIO33020AST-RAM:4GB-DD:1TB COLOR BLANCO 4GB RAM, 1TB HDD, PROCESADOR AMD RADEON R3, TECLADO, MOUSE, ELIMINADOR, EN BUEN ESTADO, FUNCIONANDO",ver [1] fotos.,"$ 2,471.00","$ 2,471.00",Texcoco Fray Pedro de Gante,55-4160-5677
2080079.1,PC ESCRITORIO (usado),LENOVO,IDEACENTREAIO322ADA6-RAM:8GB-DD:1TB,LENOVO IDEACENTREAIO322ADA6-RAM:8GB-DD:1TB COMPUTADORA DE ESCRITORIO LENOVO IDEACENTREAIO322ADA6-RAM:8GB-DD:1TB CON TECLADO CON MAUSE CABLE DE CORRIENTE SIN CAJA PROCESADOR AMD ATHLON SILVER 3050U WITH RADEON GRAPHICS 2.30GHZ 8GB RAM 1TB DD WINDOWS 11 EN BUEN ESTADO,ver [1] fotos.,"$ 5,900.00","$ 5,900.00",Texcoco Fray Pedro de Gante,55-4160-5677
2080081.1,PC ESCRITORIO (usado),LENOVO,IDEACENTREAIO322ADA6-RAM:8GB-DD:1TB,LENOVO IDEACENTREAIO322ADA6-RAM:8GB-DD:1TB COMPUTADORA DE ESCRITORIO LENOVO IDEACENTREAIO322ADA6-RAM:8GB-DD:1TB CON TECLADO CON MAUSE CABLE DE CORRIENTE SIN CAJA PROCESADOR AMD ATHLON SILVER 3050U WITH RADEON GRAPHICS 2.30GHZ 8GB RAM 1TB DD WINDOWS 11 EN BUEN ESTADO,ver [1] fotos.,"$ 5,900.00","$ 5,900.00",Texcoco Fray Pedro de Gante,55-4160-5677
2080123.1,PC ESCRITORIO (usado),HUAWEI,PUMWDH9A-RAM:8GB-DD:250GB,"MATE STATION HUAWEI PUMWDH9A-RAM:8GB-DD:250GB 8GB RAM, 256 GB SSD,  PROCESADOR AMD RYZEN 5, MONITOR, TECLADO, MOUSE, EN BUEN ESTADO, FUNCIONANDO",ver [1] fotos.,"$ 7,200.00","$ 7,200.00",Texcoco Fray Pedro de Gante,55-4160-5677
2080150.1,PC ESCRITORIO (usado),LENOVO,F0EX-RAM:4GB-DD:1TB,"ALL IN ONE LENOVO F0EX-RAM:4GB-DD:1TB CIOLOR NEGRO PROCESADOR AMD ATHLON CON MOUSE, TECLADO, EN BUEN ESTADO, FUNCIONANDO REEPEÑO (2079903)",ver [1] fotos.,"$ 3,800.00","$ 3,800.00",Texcoco Fray Pedro de Gante,55-4160-5677
2080164.1,PC ESCRITORIO (usado),LENOVO,IDEACENTREAIO52022AST-RAM:4GB-DD:1TB,"ALL IN ONE LENOVO IDEACENTREAIO52022AST-RAM:4GB-DD:1TB COLOR PLATA CON TECLADO, MOUSE, ELIMINADOR,  4GB RAM, 1TB, PROCESADOR AMD A6 RADEON R4, DETALLES DE USO, FUNCIONANDO (REEMPEÑO 2077853)",ver [1] fotos.,"$ 3,800.00","$ 3,800.00",Texcoco Fray Pedro de Gante,55-4160-5677
2080365.1,PC ESCRITORIO (usado),LENOVO,IDEACENTREAIO322ADA6-RAM:8GB-DD:1TB,"LENOVO IDEACENTREAIO322ADA6-RAM:8GB-DD:1TB COMPUTADORA DE ESCRITORIO 8GB,1TB  AMD ATHOM WINDOWS 11",ver [1] fotos.,"$ 6,200.00","$ 6,200.00",Texcoco Fray Pedro de Gante,55-4160-5677
2081104.1,PC ESCRITORIO (usado),LENOVO,IDEACENTREAIO322ADA6-RAM:8GB-DD:1TB,"LENOVO IDEACENTREAIO322ADA6-RAM:8GB-DD:1TB , PC DE ESCRITORIO LENOVO IDEACENTREAOI322ADA6, 8 GB RAM, 1 TB DISCO DURO, PROCESADOR AMD ATHLON SILVER, COLOR NEGRO, CON TECLADO Y MAUSE INALÁMBRICO, EN BUEN ESTADO. FUNCUIONANDO.",ver [1] fotos.,"$ 5,200.00","$ 5,200.00",Texcoco Fray Pedro de Gante,55-4160-5677
32103694.1,PC ESCRITORIO (usado),DELL,PRECISIONT1700-RAM:4GB-DD:500GB,"DELL PRECISIONT1700-RAM:4GB-DD:500GB MAS 128SSD TACLADO,MAUSE CABLE DE CORRIENTE AIDIFONOS CONMICROFONO ANTENA TAPETE WORKTATION PRPCESADOR INTEL XEON DOSCO HIBRIDO",ver [1] fotos.,"$ 2,400.00","$ 2,400.00",Texcoco Mercado San Antonio,55-4160-5885
32103694.2,PC ESCRITORIO (usado),DELL,PRESICIONT1700-RAM:4GB-DD:500GB,DELL PRESICIONT1700-RAM:4GB-DD:500GB MAS 128SSSD PC COLOR NEGRO CON TECLADO MAUSE ANTENA HDMI CABLE DE CORRIENTE AUDIFONOS CON MICROFONO WORKTATIONDELL PRECISION T1700 PROCESADOR INTEL XEON CON DISCO HIBRIDO,ver [1] fotos.,"$ 2,400.00","$ 2,400.00",Texcoco Mercado San Antonio,55-4160-5885
32103694.3,PC ESCRITORIO (usado),DELL,PRECISIONT1700-RAM:4GB-DD:500GB,DELL PRECISIONT1700-RAM:4GB-DD:500GB MAS 128 SSD  SERVIDOR DELL COLOR NEGRO CON TECLADO AUDIFONOS MAUSE ANTENA USB PARA HDMI CON CARGADOR  WORKTATION DELL PRECISION T1700 PROCESADOR INTAL XEON CON DISCO HIBRIDO,ver [1] fotos.,"$ 2,400.00","$ 2,400.00",Texcoco Mercado San Antonio,55-4160-5885
32103695.1,PC ESCRITORIO (usado),DELL,PRECISIONT1700-RAM:4GB-DD:500GB,"DELL PRECISIONT1700-RAM:4GB-DD:500GB SERVIDOR GAMER INTEL XENON,DISCO ADICIONAL 128, TECLADO, MOUSE, CABLE DE CORRIENTE, ADAPTADOR HDMI, ARTICULO DE USO",ver [1] fotos.,"$ 2,400.00","$ 2,400.00",Texcoco Mercado San Antonio,55-4160-5885
32103695.2,PC ESCRITORIO (usado),DELL,PRECISIONT1700-RAM:4GB-DD:500GB,"DELL PRECISIONT1700-RAM:4GB-DD:500GB SERVIDOR PROCESADOR XENON AÑO 2015, CON DISCO ADICIONAL DE 128GB, TECLADO, MOUSE, CABLE DE CORRIENTE, ADAPTADOR HDMI, AUDIFONOS, ARTICULO DE USO",ver [1] fotos.,"$ 2,400.00","$ 2,400.00",Texcoco Mercado San Antonio,55-4160-5885
32103695.3,PC ESCRITORIO (usado),DELL,PRECISIONT1700-RAM:4GB-DD:500GB,"DELL PRECISIONT1700-RAM:4GB-DD:500GB SERVIDOR PROCESADOR XENON AÑO 2015, DISCO ADICIONAL DE 128GB, TECLADO, MOUSE, AUDIFONOS, ADAPTADOR HDMI, CABLE DE CORRIENTE, ARTICULO DE USO",ver [1] fotos.,"$ 2,400.00","$ 2,400.00",Texcoco Mercado San Antonio,55-4160-5885
32103780.1,PC ESCRITORIO (usado),DELL,PRECISIONT1700-RAM:4GB-DD:500GB,"DELL PRECISIONT1700-RAM:4GB-DD:500GB SERVIDOR GAMER, TECLADADO, MOUSE, AUDIFONOS, PROCESADOR INTEL XENON, EN BUENAS CONDICIONES, FUNCIONANDO.",ver [1] fotos.,"$ 3,000.00","$ 3,000.00",Texcoco Mercado San Antonio,55-4160-5885
32103780.3,PC ESCRITORIO (usado),DELL,PRECISIONT1700-RAM:4GB-DD:500GB,"DELL PRECISIONT1700-RAM:4GB-DD:500GB SERVIDOR GAMER, PROCESADOR INTEL XENON, TECLADO, MOUSE, AUDIFONOS, EN BUENAS CONDICIONES, FUNCIONANDO.",ver [1] fotos.,"$ 3,000.00","$ 3,000.00",Texcoco Mercado San Antonio,55-4160-5885
32103782.1,PC ESCRITORIO (usado),DELL,PRECISIONT1700-RAM:4GB-DD:500GB,"DELL PRECISIONT1700-RAM:4GB-DD:500GB SERVIDOR GAMER, TECLADO, PROCESADOR INTEL XENON, MOUSE, AUDIFONOS, EN BUENAS CONDICIONES, FUNCIONANDO.",ver [1] fotos.,"$ 3,000.00","$ 3,000.00",Texcoco Mercado San Antonio,55-4160-5885
32103782.2,PC ESCRITORIO (usado),DELL,PRECISIONT1700-RAM:4GB-DD:500GB,"DELL PRECISIONT1700-RAM:4GB-DD:500GB SERVIDOR GAMER, PROCESADOR INTEL XENON, MOUSE, TECLADO, AUDIFONOS, EN BUENAS CONDICIONES, FUNCIONANDO.",ver [1] fotos.,"$ 3,000.00","$ 3,000.00",Texcoco Mercado San Antonio,55-4160-5885
32103782.3,PC ESCRITORIO (usado),DELL,PRECISIONT1700-RAM:4GB-DD:500GB,"DELL PRECISIONT1700-RAM:4GB-DD:500GB SERVIDOR GAMER, TECLADADO, MOUSE, AUDIFONOS, PROCESADOR INTEL XENON, EN BUENAS CONDICIONES, FUNCIONANDO.",ver [1] fotos.,"$ 3,000.00","$ 3,000.00",Texcoco Mercado San Antonio,55-4160-5885
32106304.1,PC ESCRITORIO (usado),LENOVO,F0EV-RAM:12GB-DD:1TB,COMPUTADORA LENOVO F0EV-RAM:12GB-DD:1TB PROCESADOR INTEL PENTIUM GOLD G6400T 12GB RAM 1TB DD CON TECLADO CON MAUSE CON CABLE DE CORRIENTE CONDICIONES DE USO,ver [1] fotos.,"$ 5,168.00","$ 5,168.00",Texcoco Mercado San Antonio,55-4160-5885
32110485.1,PC ESCRITORIO (usado),LENOVO,IDEACENTREAIO31020AIP-RAM:4GB-DD:1TB,"AL IN ONE LENOVO IDEACENTREAIO31020AIP-RAM:4GB-DD:1TB COLOR BLANCO CON CARGADOR, MOUSE, Y TECLADO FUNCIONANDO",ver [1] fotos.,"$ 3,800.00","$ 3,800.00",Texcoco Mercado San Antonio,55-4160-5885
MG2425,PC ESCRITORIO (nuevo),HP,2755E,DESKJET WIRELESS INKJET PRINTER,---,"$ 1,499.00","$ 1,499.00",Texcoco Mercado San Antonio,55-4160-5885
4073095.1,PC ESCRITORIO (usado),HP,21B0011LA-RAM:4GB-DD:500GB,"HP 21B0011LA-RAM:4GB-DD:500GB ALL IN ONE HP 21-B0000LA - 20.7"" - INTEL CELERON J4025 - 4GB - 1TB - WINDOWS 10 HOME - BLANCO EN CAJA DETALLES ESTETICOS COMO POLVO BASE ROTA",ver [1] fotos.,"$ 3,431.00","$ 3,431.00",Tláhuac San Lorenzo,55-5985-0285
274011355.1,PC ESCRITORIO (usado),HP,TPCQ04824-RAM:8GB-DD:1TB,COMPUTADORA DE ESCRITORIO HP TPCQ04824-RAM:8GB-DD:1TB //COLOR BLANCA CON MOUSE Y TECLADO CABLE DE CORRIENTE //PROCESADOR RYZEN 3//DETALLES DE USO,ver [1] fotos.,"$ 3,908.00","$ 3,908.00",Tláhuac Zapotitlán,55-4160-5624
7076276.1,PC ESCRITORIO (usado),LENOVO,F0D7-RAM:4GB-DD:500GB,"PC DE ESCRITORIO 4RAM/500GB LENOVO F0D7-RAM:4GB-DD:500GB COLOR NEGRO, CON TECLADO Y UN MAUSE, DETALLE DE USO",ver [1] fotos.,"$ 1,500.00","$ 1,500.00",Tlalpan,55-4160-5683
7079013.1,PC ESCRITORIO (usado),HP,RTL8723BE-RAM:4GB-DD:1TB,COMPUTADORA TODO EN UNO HP HP RTL8723BE-RAM:4GB-DD:1TB MOUS CABLES DE CORRIENTE Y TECLADO,ver [1] fotos.,"$ 2,100.00","$ 2,100.00",Tlalpan,55-4160-5683
5139766.1,PC ESCRITORIO (usado),HP,24G214LA-RAM:4GB-DD:1TB,"HP 24G214LA-RAM:4GB-DD:1TB COMPUTADORA TODO EN UNO HP 24G214LA , 4 GB RAM , 1TB HDD , PROCESADOR AMD A6 , BLANCA , EN CAJA , TECLADO , MAUSSE , DETALLES DE USO RAY//MALT ,S /8CC80528P8 , CONTRASEÑA  :EMMA1520",ver [1] fotos.,"$ 2,851.00","$ 2,851.00",Tlaxcala Centro,55-4160-5774
5141192.1,PC ESCRITORIO (usado),LENOVO,IDEACENTREA32010065-RAM:4GB-DD:500GB,"LENOVO IDEACENTREA32010065-RAM:4GB-DD:500GB // COMPUTADORA ESCRITORIO TODO EN UNO , 4 GB RAM , 750GB HDD , PROCESADOR CORE I5 , TECLADO , MAUSE , ELIMINADOR , DETALLES DE USO RAY//MALT",ver [1] fotos.,"$ 1,912.00","$ 1,912.00",Tlaxcala Centro,55-4160-5774
5141629.1,PC ESCRITORIO (usado),HP,HP285G3MT-RAM:16GB-DD:1TB,"HP HP285G3MT-RAM:16GB-DD:1TB // COMPUTADORA DE ESCRITORIO HP , 16GB RAM , 1 TB HDD , PROCESADOR AMD A8 , CPU , MAUSSE , TECLADO , DETALLES DE USO RAY//MALT , S/",ver [1] fotos.,"$ 1,399.00","$ 1,399.00",Tlaxcala Centro,55-4160-5774
5141692.1,PC ESCRITORIO (usado),HP,21B0021LA-RAM:4GB-DD:500GB,HP 21B0021LA-RAM:4GB-DD:500GB ///COMPUTADORADE ESCRITORIO HP ALL IN ONE 21-B0011LA 4RAM 500GB// DET DE USO RAY MALT ///,ver [1] fotos.,"$ 4,050.00","$ 4,050.00",Tlaxcala Centro,55-4160-5774
44022852.1,PC ESCRITORIO (usado),ASUS,V241E-RAM:8GB-DD:1TB,ASUS V241E-RAM:8GB-DD:1TB COMPUTADORA COLOR BLANCA  CON  8  GB EN RAM  1 TB DE DISCO DURO TECLADO  Y  MOUSE RREMPEÑO,ver [1] fotos.,"$ 4,532.00","$ 4,532.00",Toluca Juan Aldama,015541604155
31048384.1,PC ESCRITORIO (usado),HP,21B0011LA-RAM:4GB-DD:500GB,"HP 21B0011LA-RAM:4GB-DD:500GB COMPUTADORA DE ESCRITORIO ALL IN ONE HP CON TECLDO HP, MOUSE INALAMBRICO Y CABLE DE CORRIENTE 500GB ALMACENAMIENTO 4 RAM DETALLES DE USO SE VERIFICA FUNCIONAMIENTO",ver [1] fotos.,"$ 3,275.00","$ 3,275.00",Toluca Las Torres,800-022-6262
201019103.1,PC ESCRITORIO (usado),LENOVO,DESKTOPBC866K1-RAM:4GB-DD:1TB,"COMPUTADORA DE ESCRITORIO LENOVO DESKTOPBC866K1-RAM:4GB-DD:1TB COLOR BLANCO, CON TECLADO, MOUSE Y CARGADOR.",ver [1] fotos.,"$ 1,563.00","$ 1,563.00",Tultitlán,55-4160-5783
201022232.1,PC ESCRITORIO (usado),HP,20C019LA-RAM:8GB-DD:1TB,COMPUTADORA DE ESCRITORIO HP 20C019LA-RAM:8GB-DD:1TB COLOR BLANCA EN CONDICIONES DE USO QUE NO AFECTA SU FUNCION,ver [1] fotos.,"$ 1,170.00","$ 1,170.00",Tultitlán,55-4160-5783
18045963.1,PC ESCRITORIO (usado),DELL,L5C7CBT-RAM:4GB-DD:500GB,"DELL L5C7CBT-RAM:4GB-DD:500GB PC DE ESCRITORIO DELL INTEL CELERON 4GB RAM 500GB SIN CAMARA WEB, SIN BOCINAS",ver [1] fotos.,"$ 1,400.00","$ 1,400.00",Tultitlán Lechería,55-4160-5789
36062715.1,PC ESCRITORIO (usado),DELL,OPTIPLEX760-RAM:6GB-DD:250GB,DELL OPTIPLEX760-RAM:6GB-DD:250GB PC DE ESCRITORIO DELL // CABLE DE CORRIENTE // TECLADO // MOUSE // DETALLES DE USO NADA QUE AEFCTE SU FUNCIONAMIENTO,ver [1] fotos.,"$ 1,004.00","$ 1,004.00",Valle de Chalco,55-4160-5725
284003905.1,PC ESCRITORIO (usado),TOSHIBA,LX835-RAM:8GB-DD:1TB,TOSHIBA LX835-RAM:8GB-DD:1TB,ver [1] fotos.,"$ 1,731.00","$ 1,731.00",Villas de las Flores,55-8880-1202
284005309.1,PC ESCRITORIO (usado),APPLE,MACOS-RAM:8GB-DD:1TB,"COMPUTADORA ALL IN ONE APPLE MACOS-RAM:8GB-DD:1TB COLOR GRIS TECLADO INALAMBR5ICO, MOUSE EN COLOR R0OJO, 8GB EN RAM 1TB EN ALMACENAMIENTO. CONDCIONES DE USO",ver [1] fotos.,"$ 4,290.00","$ 4,290.00",Villas de las Flores,55-8880-1202
284005733.1,PC ESCRITORIO (usado),HP,22DD05201A-RAM:4GB-DD:1TB,"ALL IN ONE HP 22DD05201A-RAM:4GB-DD:1TB INTEL CELERON J42025 WINDOWS 11 HOME COLOR BLANCO 1 MOUSE, 1 TECLADO, CABLE DE CARGA ORIGINAL ARTICULO EN BUEN ESTADO",ver [1] fotos.,"$ 3,752.00","$ 3,752.00",Villas de las Flores,55-8880-1202
284006044.1,PC ESCRITORIO (usado),ACER,ZC602-RAM:4GB-DD:250GB,COMPUTADORA DE ESCRITORIO ACER ZC602-RAM:4GB-DD:250GB CON CABLE DE CONEXIÓN SIN BATERIA DE CARGA  CON TECLADO  Y  MOUSE GHIA,ver [1] fotos.,"$ 1,520.00","$ 1,520.00",Villas de las Flores,55-8880-1202
284009600.1,PC ESCRITORIO (usado),HP,22DD0520LA-RAM:4GB-DD:1TB,"HP 22DD0520LA-RAM:4GB-DD:1TB COMPU DE ESCRITORIO HP 1 TB DD,4 GB EN RAM W 11,EN COLOR BLANCO CON TECLADO,ELIMINADOR Y RATON SIN CAJA EN CONDICIONES DE USO",ver [1] fotos.,"$ 5,025.00","$ 5,025.00",Villas de las Flores,55-8880-1202
213013031.1,PC ESCRITORIO (usado),HP,ELITEDESK800G1SFF-RAM:4GB-DD:500GB,"HP ELITEDESK800G1SFF-RAM:4GB-DD:500GB , CORE I5, COMPUTADORA ELOTEDESK CON TECLADO MAUSE Y MONITOR, SE CORROBORA FUNCIONAMIENTO",ver [1] fotos.,"$ 3,200.00","$ 3,200.00",Zinacantepec Toluca,55-4160-5738
213014290.1,PC ESCRITORIO (usado),LENOVO,004ULM-RAM:4GB-DD:1TB,LENOVO 004ULM-RAM:4GB-DD:1TB,ver [1] fotos.,"$ 1,806.00","$ 1,806.00",Zinacantepec Toluca,55-4160-5738
213014478.1,PC ESCRITORIO (usado),HP,V5E94AA-RAM:4GB-DD:500GB,HP V5E94AA-RAM:4GB-DD:500GB,ver [1] fotos.,"$ 1,716.00","$ 1,716.00",Zinacantepec Toluca,55-4160-5738
213014478.2,PC ESCRITORIO (usado),LENOVO,C260-RAM:8GB-DD:500GB,LENOVO C260-RAM:8GB-DD:500GB,ver [1] fotos.,"$ 1,716.00","$ 1,716.00",Zinacantepec Toluca,55-4160-5738
213014508.1,PC ESCRITORIO (usado),HP,TPCQ06722-RAM:8GB-DD:250GB,"HP TPCQ06722-RAM:8GB-DD:250GB PC ESCRITORIO (ALL IN ONE) COLOR NEGRO CON CARGADOR Y TECLADO EN BUEN ESTADO, LIBRE DE CUENTAS",ver [1] fotos,"$ 3,121.00","$ 3,121.00",Zinacantepec Toluca,55-4160-5738
213014535.1,PC ESCRITORIO (usado),HP,181101LA-RAM:4GB-DD:500GB,"HP 181101LA-RAM:4GB-DD:500GB PC DE ESCRITORIO, CONECCIÓN A INTERNET POR CABLE, SIN WIFI, TECLADO, CURSOR, CPU Y MONITOR EN BUENAS CONDICIONES",ver [1] fotos,"$ 1,566.00","$ 1,566.00",Zinacantepec Toluca,55-4160-5738
23107572.1,PC ESCRITORIO (usado),LENOVO,IDEACENTREAIO324ARE05-RAM:8GB-DD:1TB,"LENOVO IDEACENTREAIO324ARE05-RAM:8GB-DD:1TB COMPUTADORA TODO EN 1 LENOVO 23"", NEGRA, C/CABLE DE ENERGIA ORIGEN+MOUSE+TECLADO ORIGEN, DD:1TB/RAM: 8GB/PROCESADOR AMD RYZEN 3/WIND 11, REEMPEÑO X2 VEZ",ver [1] fotos.,"$ 4,510.00","$ 4,510.00",Zumpango Plaza Centro,55-4160-5782
23108078.1,PC ESCRITORIO (usado),HP,200G4-RAM:8GB-DD:250GB,"HP 200G4-RAM:8GB-DD:250GB COMPUTADORA TODO EN UNO HP 21.5"" SSD:250GB/RAM:8GB/PROCESADOR INTEL CORE I5-10/WIN 10 PRO, NEGRA, C/TECLADO ORIGEN+MOUSE ORIGEN, MANCHADA/RAYADA/PROBADA/FUNCIONAL",ver [1] fotos.,"$ 4,814.00","$ 4,814.00",Zumpango Plaza Centro,55-4160-5782
